month,project,business_unit,application,provider,pricing_model,cpu_hours,gpu_hours,spend_usd
2025-01-01,Website,Marketing,Website,aws,on_demand,26.38,20.54,5.16
2025-01-01,ResearchSim,R&D,ResearchSim,gcp,on_demand,29.69,3.5,1.89
2025-01-01,ResearchSim,R&D,ResearchSim,azure,reserved,116.13,37.84,8.55
2025-01-01,Website,Marketing,Website,gcp,reserved,101.89,21.03,5.8
2025-01-01,ResearchSim,R&D,ResearchSim,azure,on_demand,98.77,33.31,10.61
2025-01-01,ResearchSim,R&D,ResearchSim,aws,on_demand,92.53,24.97,8.7
2025-01-01,Orders,Commerce,Orders,azure,on_demand,16.86,4.97,1.67
2025-01-01,Website,Marketing,Website,gcp,reserved,148.19,14.24,6.14
2025-01-01,ResearchSim,R&D,ResearchSim,aws,spot,80.65,4.08,1.62
2025-01-01,Website,Marketing,Website,gcp,spot,12.47,8.45,0.88
2025-01-01,Website,Marketing,Website,aws,spot,61.55,9.73,1.76
2025-01-01,Orders,Commerce,Orders,azure,spot,26.06,18.44,1.89
2025-01-01,Website,Marketing,Website,aws,reserved,122.88,29.79,7.61
2025-01-01,Website,Marketing,Website,gcp,on_demand,89.91,24.35,8.47
2025-01-01,ResearchSim,R&D,ResearchSim,gcp,spot,11.58,22.96,2.02
2025-01-01,ResearchSim,R&D,ResearchSim,aws,spot,106.87,25.93,3.78
2025-01-01,Website,Marketing,Website,aws,reserved,80.03,37.91,7.55
2025-01-01,Orders,Commerce,Orders,azure,on_demand,96.81,0.52,3.98
2025-01-01,Website,Marketing,Website,azure,on_demand,29.09,27.33,6.63
2025-01-01,Orders,Commerce,Orders,aws,on_demand,120.57,27.64,10.35
2025-01-01,Orders,Commerce,Orders,azure,reserved,12.46,24.56,3.79
2025-01-01,ResearchSim,R&D,ResearchSim,gcp,on_demand,6.46,33.92,7.04
2025-01-01,Orders,Commerce,Orders,gcp,reserved,37.16,26.9,4.81
2025-01-01,Website,Marketing,Website,azure,reserved,56.36,31.06,5.93
2025-01-01,ResearchSim,R&D,ResearchSim,gcp,spot,63.74,38.71,4.12
2025-01-01,ResearchSim,R&D,ResearchSim,aws,spot,137.64,21.93,3.96
2025-01-01,Website,Marketing,Website,gcp,on_demand,127.74,39.97,13.1
2025-01-01,Orders,Commerce,Orders,azure,spot,22.68,12.89,1.39
2025-01-01,Orders,Commerce,Orders,gcp,spot,66.25,10.89,1.93
2025-01-01,ResearchSim,R&D,ResearchSim,gcp,spot,28.45,22.31,2.24
2025-01-01,ResearchSim,R&D,ResearchSim,azure,spot,126.61,36.13,4.92
2025-01-01,Website,Marketing,Website,gcp,on_demand,134.81,36.18,12.63
2025-01-01,Orders,Commerce,Orders,gcp,on_demand,106.29,16.23,7.5
2025-01-01,ResearchSim,R&D,ResearchSim,azure,on_demand,59.88,22.86,6.97
2025-01-01,Orders,Commerce,Orders,azure,reserved,123.9,28.93,7.52
2025-01-01,Orders,Commerce,Orders,gcp,reserved,14.98,15.58,2.6
2025-01-01,Orders,Commerce,Orders,azure,on_demand,2.29,30.87,6.27
2025-01-01,ResearchSim,R&D,ResearchSim,aws,spot,99.56,13.51,2.67
2025-01-01,ResearchSim,R&D,ResearchSim,gcp,on_demand,88.48,27.83,9.11
2025-01-01,ResearchSim,R&D,ResearchSim,aws,spot,70.26,25.19,3.14
2025-01-01,ResearchSim,R&D,ResearchSim,gcp,spot,147.81,24.45,4.32
2025-01-01,Orders,Commerce,Orders,azure,spot,69.67,25.44,3.15
2025-01-01,ResearchSim,R&D,ResearchSim,gcp,on_demand,141.91,37.03,13.08
2025-01-01,Orders,Commerce,Orders,azure,spot,10.91,8.25,0.83
2025-01-01,Orders,Commerce,Orders,aws,on_demand,140.21,18.11,9.23
2025-01-01,Orders,Commerce,Orders,aws,on_demand,72.34,9.05,4.7
2025-01-01,ResearchSim,R&D,ResearchSim,gcp,reserved,138.06,12.23,5.58
2025-01-01,Orders,Commerce,Orders,gcp,on_demand,110.51,37.8,11.98
2025-01-01,ResearchSim,R&D,ResearchSim,aws,on_demand,132.05,33.58,12.0
2025-01-01,Website,Marketing,Website,azure,reserved,101.38,9.83,4.21
2025-01-01,Website,Marketing,Website,aws,spot,46.97,0.58,0.8
2025-01-01,ResearchSim,R&D,ResearchSim,gcp,on_demand,118.84,11.61,7.08
2025-01-01,Website,Marketing,Website,gcp,on_demand,24.14,39.41,8.85
2025-01-01,Website,Marketing,Website,gcp,on_demand,37.45,33.47,8.19
2025-01-01,ResearchSim,R&D,ResearchSim,aws,reserved,46.84,16.45,3.61
2025-01-01,Orders,Commerce,Orders,azure,reserved,100.58,20.59,5.7
2025-01-01,Website,Marketing,Website,azure,spot,148.46,0.32,2.4
2025-01-01,Orders,Commerce,Orders,gcp,reserved,47.03,14.06,3.29
2025-01-01,ResearchSim,R&D,ResearchSim,azure,on_demand,10.68,7.7,1.97
2025-01-01,ResearchSim,R&D,ResearchSim,gcp,spot,21.0,33.55,3.02
2025-01-01,ResearchSim,R&D,ResearchSim,azure,spot,93.91,20.34,3.13
2025-01-01,Orders,Commerce,Orders,gcp,on_demand,100.44,32.87,10.59
2025-01-01,Orders,Commerce,Orders,gcp,on_demand,48.43,12.78,4.49
2025-01-01,ResearchSim,R&D,ResearchSim,aws,reserved,89.45,7.02,3.49
2025-01-01,Orders,Commerce,Orders,gcp,on_demand,72.56,28.44,8.59
2025-01-01,Website,Marketing,Website,aws,reserved,90.39,31.01,6.87
2025-01-01,Orders,Commerce,Orders,aws,on_demand,81.05,3.73,3.99
2025-01-01,ResearchSim,R&D,ResearchSim,gcp,on_demand,123.59,31.3,11.2
2025-01-01,Orders,Commerce,Orders,azure,reserved,125.53,31.72,7.96
2025-01-01,Orders,Commerce,Orders,aws,on_demand,42.79,25.24,6.76
2025-01-01,Website,Marketing,Website,azure,reserved,64.27,7.11,2.79
2025-01-01,Website,Marketing,Website,gcp,reserved,29.51,32.24,5.34
2025-01-01,ResearchSim,R&D,ResearchSim,azure,on_demand,35.28,9.53,3.32
2025-01-01,Orders,Commerce,Orders,gcp,on_demand,140.92,29.5,11.54
2025-01-01,Website,Marketing,Website,azure,reserved,110.02,20.31,5.92
2025-01-01,Website,Marketing,Website,azure,reserved,27.18,9.96,2.16
2025-01-01,ResearchSim,R&D,ResearchSim,azure,on_demand,141.76,22.18,10.11
2025-01-01,Website,Marketing,Website,azure,on_demand,31.43,32.85,7.83
2025-01-01,Orders,Commerce,Orders,gcp,reserved,146.14,34.1,8.87
2025-01-01,ResearchSim,R&D,ResearchSim,azure,spot,148.32,24.35,4.32
2025-01-01,ResearchSim,R&D,ResearchSim,gcp,on_demand,129.98,9.95,7.19
2025-01-01,Website,Marketing,Website,azure,reserved,43.22,8.38,2.38
2025-01-01,Website,Marketing,Website,gcp,on_demand,49.89,10.34,4.06
2025-01-01,ResearchSim,R&D,ResearchSim,gcp,reserved,31.01,1.51,1.08
2025-01-01,Website,Marketing,Website,aws,spot,41.82,22.02,2.43
2025-01-01,Website,Marketing,Website,azure,reserved,147.91,29.58,8.28
2025-01-01,ResearchSim,R&D,ResearchSim,gcp,on_demand,57.22,38.51,9.99
2025-01-01,ResearchSim,R&D,ResearchSim,gcp,on_demand,92.08,10.33,5.75
2025-01-01,Orders,Commerce,Orders,azure,reserved,69.18,34.13,6.72
2025-01-01,ResearchSim,R&D,ResearchSim,aws,reserved,8.67,33.85,4.98
2025-01-01,Orders,Commerce,Orders,azure,reserved,4.92,30.35,4.39
2025-01-01,ResearchSim,R&D,ResearchSim,azure,on_demand,139.92,17.92,9.18
2025-01-01,Website,Marketing,Website,azure,on_demand,63.41,29.12,8.36
2025-01-01,Orders,Commerce,Orders,gcp,spot,81.88,20.21,2.93
2025-01-01,Orders,Commerce,Orders,gcp,on_demand,58.27,26.49,7.63
2025-01-01,ResearchSim,R&D,ResearchSim,azure,on_demand,27.92,11.36,3.39
2025-01-01,ResearchSim,R&D,ResearchSim,azure,reserved,133.25,39.34,9.24
2025-01-01,Orders,Commerce,Orders,aws,on_demand,132.56,39.69,13.24
2025-01-01,ResearchSim,R&D,ResearchSim,gcp,spot,50.93,16.36,2.12
2025-01-01,Orders,Commerce,Orders,gcp,on_demand,73.19,12.43,5.41
2025-01-01,ResearchSim,R&D,ResearchSim,azure,reserved,135.28,36.05,8.83
2025-01-01,Orders,Commerce,Orders,azure,reserved,71.27,28.12,5.93
2025-01-01,Website,Marketing,Website,azure,spot,19.53,38.36,3.38
2025-01-01,Orders,Commerce,Orders,azure,on_demand,147.07,27.3,11.34
2025-01-01,ResearchSim,R&D,ResearchSim,azure,on_demand,149.85,17.11,9.42
2025-01-01,Website,Marketing,Website,aws,reserved,77.61,31.58,6.59
2025-01-01,ResearchSim,R&D,ResearchSim,azure,reserved,97.38,22.92,5.94
2025-01-01,ResearchSim,R&D,ResearchSim,gcp,on_demand,130.36,26.85,10.58
2025-01-01,Website,Marketing,Website,aws,on_demand,33.89,28.8,7.12
2025-01-01,Orders,Commerce,Orders,aws,reserved,66.45,23.12,5.1
2025-01-01,ResearchSim,R&D,ResearchSim,gcp,on_demand,97.63,0.06,3.92
2025-01-01,Website,Marketing,Website,azure,reserved,22.97,34.73,5.51
2025-01-01,Website,Marketing,Website,aws,on_demand,79.1,30.36,9.24
2025-01-01,Website,Marketing,Website,gcp,spot,49.8,5.87,1.27
2025-01-01,Website,Marketing,Website,gcp,on_demand,33.13,12.16,3.76
2025-01-01,ResearchSim,R&D,ResearchSim,gcp,reserved,39.47,20.35,3.95
2025-01-01,ResearchSim,R&D,ResearchSim,gcp,reserved,108.09,9.31,4.33
2025-01-01,Orders,Commerce,Orders,aws,reserved,30.23,14.83,2.92
2025-01-01,Website,Marketing,Website,aws,on_demand,107.4,29.71,10.24
2025-01-01,Orders,Commerce,Orders,azure,spot,133.0,12.06,3.09
2025-01-01,Website,Marketing,Website,aws,on_demand,133.04,6.92,6.71
2025-01-01,Website,Marketing,Website,gcp,reserved,37.51,15.7,3.25
2025-01-01,Orders,Commerce,Orders,gcp,reserved,76.91,36.07,7.2
2025-01-01,Website,Marketing,Website,azure,on_demand,122.24,10.6,7.01
2025-01-01,ResearchSim,R&D,ResearchSim,azure,on_demand,41.62,11.47,3.96
2025-01-01,ResearchSim,R&D,ResearchSim,aws,on_demand,107.22,5.53,5.39
2025-01-01,Website,Marketing,Website,aws,spot,112.74,31.49,4.32
2025-01-01,Orders,Commerce,Orders,azure,reserved,71.95,18.63,4.62
2025-01-01,Orders,Commerce,Orders,azure,spot,40.51,6.01,1.13
2025-01-01,Website,Marketing,Website,azure,reserved,70.62,3.22,2.43
2025-01-01,Orders,Commerce,Orders,aws,reserved,45.41,3.04,1.7
2025-01-01,ResearchSim,R&D,ResearchSim,aws,reserved,116.77,2.38,3.6
2025-01-01,ResearchSim,R&D,ResearchSim,aws,on_demand,107.93,22.84,8.89
2025-01-01,Website,Marketing,Website,aws,reserved,56.52,14.28,3.58
2025-01-01,ResearchSim,R&D,ResearchSim,azure,on_demand,44.29,10.54,3.88
2025-01-01,ResearchSim,R&D,ResearchSim,aws,on_demand,98.93,14.62,6.88
2025-01-01,Orders,Commerce,Orders,aws,on_demand,129.87,5.21,6.24
2025-01-01,ResearchSim,R&D,ResearchSim,aws,reserved,102.85,36.62,8.01
2025-01-01,Website,Marketing,Website,aws,reserved,70.5,34.22,6.76
2025-01-01,Orders,Commerce,Orders,gcp,on_demand,9.93,9.82,2.36
2025-01-01,Website,Marketing,Website,gcp,reserved,123.85,3.11,3.9
2025-01-01,ResearchSim,R&D,ResearchSim,aws,spot,85.59,29.42,3.72
2025-01-01,Orders,Commerce,Orders,aws,on_demand,82.6,27.31,8.77
2025-01-01,ResearchSim,R&D,ResearchSim,azure,on_demand,144.29,31.5,12.07
2025-01-01,Orders,Commerce,Orders,aws,on_demand,47.48,12.26,4.35
2025-01-01,ResearchSim,R&D,ResearchSim,gcp,reserved,96.78,25.92,6.34
2025-01-01,Orders,Commerce,Orders,azure,reserved,42.82,18.46,3.78
2025-01-01,ResearchSim,R&D,ResearchSim,aws,on_demand,97.98,31.28,10.18
2025-01-01,ResearchSim,R&D,ResearchSim,azure,reserved,92.5,29.61,6.74
2025-01-01,Website,Marketing,Website,gcp,on_demand,52.12,24.02,6.89
2025-01-01,ResearchSim,R&D,ResearchSim,aws,on_demand,93.2,11.05,5.94
2025-01-01,ResearchSim,R&D,ResearchSim,aws,reserved,35.5,29.2,5.08
2025-01-01,Website,Marketing,Website,azure,on_demand,64.0,11.43,4.85
2025-01-01,Website,Marketing,Website,aws,on_demand,102.38,24.93,9.08
2025-01-01,Orders,Commerce,Orders,aws,on_demand,38.75,14.18,4.39
2025-01-01,ResearchSim,R&D,ResearchSim,azure,on_demand,58.89,1.29,2.61
2025-01-01,Orders,Commerce,Orders,azure,on_demand,32.77,23.63,6.04
2025-01-01,ResearchSim,R&D,ResearchSim,azure,on_demand,111.36,13.58,7.17
2025-01-01,Website,Marketing,Website,azure,on_demand,124.31,0.11,4.99
2025-01-01,Website,Marketing,Website,gcp,reserved,16.36,37.2,5.67
2025-01-01,Orders,Commerce,Orders,gcp,reserved,137.53,9.04,5.12
2025-01-01,Orders,Commerce,Orders,gcp,reserved,125.91,39.68,9.08
2025-01-01,ResearchSim,R&D,ResearchSim,azure,on_demand,105.25,34.38,11.09
2025-01-01,Website,Marketing,Website,azure,spot,46.06,8.15,1.39
2025-01-01,Orders,Commerce,Orders,gcp,on_demand,76.32,7.52,4.56
2025-01-01,Website,Marketing,Website,azure,spot,30.14,36.03,3.36
2025-01-01,ResearchSim,R&D,ResearchSim,gcp,spot,122.39,13.97,3.08
2025-01-01,ResearchSim,R&D,ResearchSim,gcp,on_demand,55.34,6.71,3.56
2025-01-01,ResearchSim,R&D,ResearchSim,aws,spot,49.85,35.07,3.6
2025-01-01,ResearchSim,R&D,ResearchSim,aws,reserved,78.85,28.24,6.16
2025-01-01,Orders,Commerce,Orders,azure,on_demand,145.7,22.16,10.26
2025-02-01,ResearchSim,R&D,ResearchSim,gcp,spot,12.37,32.06,2.76
2025-02-01,Website,Marketing,Website,azure,spot,119.78,6.95,2.47
2025-02-01,ResearchSim,R&D,ResearchSim,aws,on_demand,87.04,12.39,5.96
2025-02-01,Orders,Commerce,Orders,aws,reserved,30.01,7.31,1.86
2025-02-01,Website,Marketing,Website,aws,reserved,1.67,12.97,1.86
2025-02-01,ResearchSim,R&D,ResearchSim,aws,on_demand,73.66,13.54,5.65
2025-02-01,Orders,Commerce,Orders,aws,reserved,102.48,29.22,6.96
2025-02-01,Orders,Commerce,Orders,azure,on_demand,108.75,19.56,8.26
2025-02-01,Orders,Commerce,Orders,gcp,reserved,60.35,21.19,4.66
2025-02-01,ResearchSim,R&D,ResearchSim,azure,on_demand,11.15,34.74,7.39
2025-02-01,Orders,Commerce,Orders,aws,reserved,131.29,12.78,5.47
2025-02-01,Website,Marketing,Website,azure,reserved,26.5,27.24,4.56
2025-02-01,Website,Marketing,Website,azure,spot,26.45,2.03,0.59
2025-02-01,Orders,Commerce,Orders,gcp,on_demand,72.71,36.34,10.18
2025-02-01,ResearchSim,R&D,ResearchSim,gcp,on_demand,139.87,32.2,12.03
2025-02-01,Website,Marketing,Website,gcp,spot,76.65,19.74,2.81
2025-02-01,ResearchSim,R&D,ResearchSim,azure,reserved,33.21,21.4,3.93
2025-02-01,Orders,Commerce,Orders,gcp,on_demand,119.55,34.58,11.7
2025-02-01,Orders,Commerce,Orders,gcp,on_demand,35.14,16.05,4.62
2025-02-01,ResearchSim,R&D,ResearchSim,gcp,on_demand,80.2,20.01,7.21
2025-02-01,Website,Marketing,Website,gcp,reserved,2.04,14.6,2.1
2025-02-01,Website,Marketing,Website,gcp,spot,74.96,39.25,4.34
2025-02-01,Orders,Commerce,Orders,aws,on_demand,5.13,5.17,1.24
2025-02-01,Orders,Commerce,Orders,gcp,reserved,18.75,22.49,3.67
2025-02-01,Website,Marketing,Website,gcp,on_demand,19.82,9.07,2.61
2025-02-01,Website,Marketing,Website,aws,reserved,126.42,33.25,8.19
2025-02-01,Website,Marketing,Website,aws,reserved,88.24,20.22,5.3
2025-02-01,Website,Marketing,Website,azure,spot,80.79,37.52,4.29
2025-02-01,Orders,Commerce,Orders,gcp,spot,12.52,33.69,2.9
2025-02-01,Website,Marketing,Website,azure,spot,13.41,24.06,2.14
2025-02-01,Website,Marketing,Website,aws,reserved,124.74,18.38,6.07
2025-02-01,Website,Marketing,Website,aws,spot,137.3,11.96,3.15
2025-02-01,ResearchSim,R&D,ResearchSim,aws,on_demand,62.39,15.42,5.58
2025-02-01,ResearchSim,R&D,ResearchSim,azure,on_demand,138.93,9.51,7.46
2025-02-01,ResearchSim,R&D,ResearchSim,azure,reserved,86.69,39.07,7.9
2025-02-01,ResearchSim,R&D,ResearchSim,gcp,reserved,67.98,30.39,6.16
2025-02-01,Website,Marketing,Website,aws,on_demand,72.52,35.27,9.95
2025-02-01,ResearchSim,R&D,ResearchSim,azure,on_demand,46.55,25.19,6.9
2025-02-01,ResearchSim,R&D,ResearchSim,azure,on_demand,134.61,20.76,9.54
2025-02-01,Website,Marketing,Website,gcp,on_demand,72.01,13.5,5.58
2025-02-01,Website,Marketing,Website,aws,reserved,34.2,20.74,3.86
2025-02-01,Orders,Commerce,Orders,aws,reserved,92.39,22.85,5.79
2025-02-01,Website,Marketing,Website,aws,reserved,139.29,25.89,7.52
2025-02-01,Website,Marketing,Website,gcp,spot,71.16,34.57,3.9
2025-02-01,Orders,Commerce,Orders,aws,on_demand,108.43,22.7,8.88
2025-02-01,Website,Marketing,Website,aws,on_demand,105.15,19.32,8.07
2025-02-01,Website,Marketing,Website,gcp,reserved,131.97,16.22,5.97
2025-02-01,Orders,Commerce,Orders,aws,on_demand,19.76,10.47,2.88
2025-02-01,Orders,Commerce,Orders,aws,on_demand,62.48,23.98,7.3
2025-02-01,ResearchSim,R&D,ResearchSim,aws,reserved,143.66,36.92,9.19
2025-02-01,Orders,Commerce,Orders,gcp,on_demand,102.14,5.93,5.27
2025-02-01,Orders,Commerce,Orders,azure,on_demand,113.07,7.37,6.0
2025-02-01,Orders,Commerce,Orders,gcp,on_demand,39.54,38.4,9.26
2025-02-01,Orders,Commerce,Orders,aws,reserved,131.94,25.37,7.25
2025-02-01,ResearchSim,R&D,ResearchSim,gcp,on_demand,119.78,8.7,6.53
2025-02-01,ResearchSim,R&D,ResearchSim,gcp,on_demand,41.66,32.05,8.08
2025-02-01,ResearchSim,R&D,ResearchSim,gcp,spot,95.97,33.36,4.2
2025-02-01,Website,Marketing,Website,azure,spot,92.85,27.38,3.68
2025-02-01,Website,Marketing,Website,gcp,on_demand,119.79,3.3,5.45
2025-02-01,Orders,Commerce,Orders,aws,reserved,118.66,6.65,4.25
2025-02-01,ResearchSim,R&D,ResearchSim,azure,on_demand,45.88,29.14,7.66
2025-02-01,Orders,Commerce,Orders,aws,reserved,7.36,8.11,1.34
2025-02-01,ResearchSim,R&D,ResearchSim,azure,on_demand,6.65,38.86,8.04
2025-02-01,Website,Marketing,Website,azure,reserved,61.58,34.59,6.57
2025-02-01,Orders,Commerce,Orders,gcp,spot,68.29,19.56,2.66
2025-02-01,Website,Marketing,Website,azure,on_demand,48.4,26.35,7.21
2025-02-01,Orders,Commerce,Orders,gcp,reserved,96.55,5.0,3.4
2025-02-01,Orders,Commerce,Orders,azure,reserved,108.89,30.0,7.25
2025-02-01,Website,Marketing,Website,gcp,reserved,121.9,10.71,4.91
2025-02-01,Orders,Commerce,Orders,gcp,reserved,46.56,9.25,2.6
2025-02-01,Orders,Commerce,Orders,gcp,reserved,42.3,34.15,5.97
2025-02-01,ResearchSim,R&D,ResearchSim,aws,reserved,129.9,31.65,8.07
2025-02-01,ResearchSim,R&D,ResearchSim,aws,on_demand,70.85,27.76,8.39
2025-02-01,Orders,Commerce,Orders,aws,on_demand,124.26,33.04,11.58
2025-02-01,Orders,Commerce,Orders,aws,on_demand,3.93,19.26,4.01
2025-02-01,ResearchSim,R&D,ResearchSim,aws,on_demand,134.82,27.17,10.83
2025-02-01,Website,Marketing,Website,azure,on_demand,47.22,33.81,8.65
2025-02-01,Website,Marketing,Website,gcp,on_demand,4.22,22.8,4.73
2025-02-01,Website,Marketing,Website,azure,on_demand,24.44,9.67,2.91
2025-02-01,Orders,Commerce,Orders,azure,spot,60.56,5.02,1.37
2025-02-01,Orders,Commerce,Orders,azure,on_demand,123.01,19.5,8.82
2025-02-01,Website,Marketing,Website,azure,spot,80.61,19.95,2.89
2025-02-01,ResearchSim,R&D,ResearchSim,gcp,on_demand,149.65,2.09,6.4
2025-02-01,ResearchSim,R&D,ResearchSim,aws,on_demand,101.59,37.85,11.63
2025-02-01,Orders,Commerce,Orders,aws,spot,89.47,6.25,1.93
2025-02-01,Orders,Commerce,Orders,azure,spot,48.79,20.43,2.42
2025-02-01,ResearchSim,R&D,ResearchSim,gcp,on_demand,12.23,3.65,1.22
2025-02-01,Website,Marketing,Website,gcp,reserved,135.61,13.97,5.75
2025-02-01,ResearchSim,R&D,ResearchSim,aws,spot,47.2,38.44,3.83
2025-02-01,ResearchSim,R&D,ResearchSim,azure,on_demand,107.23,18.82,8.05
2025-02-01,Website,Marketing,Website,azure,spot,54.33,37.98,3.91
2025-02-01,Website,Marketing,Website,gcp,reserved,119.83,6.95,4.33
2025-02-01,Orders,Commerce,Orders,azure,on_demand,147.12,16.38,9.16
2025-02-01,Orders,Commerce,Orders,gcp,spot,112.0,5.37,2.22
2025-02-01,ResearchSim,R&D,ResearchSim,gcp,spot,131.02,26.29,4.2
2025-02-01,Website,Marketing,Website,aws,spot,36.38,5.26,1.0
2025-02-01,Website,Marketing,Website,aws,on_demand,65.94,2.93,3.22
2025-02-01,Orders,Commerce,Orders,azure,on_demand,47.84,22.5,6.41
2025-02-01,ResearchSim,R&D,ResearchSim,aws,on_demand,98.17,23.83,8.69
2025-02-01,Website,Marketing,Website,aws,spot,29.29,8.63,1.16
2025-02-01,ResearchSim,R&D,ResearchSim,aws,on_demand,7.26,30.62,6.41
2025-02-01,Orders,Commerce,Orders,aws,on_demand,137.55,30.61,11.62
2025-02-01,Orders,Commerce,Orders,gcp,on_demand,110.17,24.0,9.21
2025-02-01,ResearchSim,R&D,ResearchSim,aws,reserved,75.62,3.93,2.67
2025-02-01,Website,Marketing,Website,azure,reserved,120.09,35.83,8.38
2025-02-01,Orders,Commerce,Orders,azure,spot,83.67,4.56,1.7
2025-02-01,ResearchSim,R&D,ResearchSim,gcp,reserved,80.81,14.09,4.24
2025-02-01,Website,Marketing,Website,azure,on_demand,139.96,37.24,13.05
2025-02-01,ResearchSim,R&D,ResearchSim,azure,on_demand,6.24,23.65,4.98
2025-02-01,ResearchSim,R&D,ResearchSim,gcp,on_demand,80.91,6.41,4.52
2025-02-01,Orders,Commerce,Orders,aws,reserved,2.79,37.97,5.39
2025-02-01,Orders,Commerce,Orders,gcp,on_demand,108.88,39.34,12.22
2025-02-01,Website,Marketing,Website,azure,on_demand,67.67,25.29,7.76
2025-02-01,Website,Marketing,Website,gcp,on_demand,43.12,18.64,5.45
2025-02-01,ResearchSim,R&D,ResearchSim,azure,on_demand,117.38,38.38,12.37
2025-02-01,ResearchSim,R&D,ResearchSim,gcp,reserved,67.07,35.37,6.83
2025-02-01,ResearchSim,R&D,ResearchSim,azure,reserved,148.31,14.85,6.23
2025-02-01,Website,Marketing,Website,aws,on_demand,91.53,8.18,5.3
2025-02-01,Website,Marketing,Website,azure,on_demand,58.74,10.54,4.46
2025-02-01,Website,Marketing,Website,aws,on_demand,79.5,28.93,8.97
2025-02-01,ResearchSim,R&D,ResearchSim,azure,on_demand,51.31,19.66,5.98
2025-02-01,Website,Marketing,Website,azure,reserved,53.79,1.82,1.76
2025-02-01,Website,Marketing,Website,aws,spot,31.88,12.15,1.48
2025-02-01,ResearchSim,R&D,ResearchSim,gcp,on_demand,8.27,25.03,5.34
2025-02-01,Orders,Commerce,Orders,azure,on_demand,3.42,1.29,0.39
2025-02-01,Website,Marketing,Website,azure,on_demand,50.36,31.64,8.34
2025-02-01,ResearchSim,R&D,ResearchSim,aws,on_demand,72.05,31.78,9.24
2025-02-01,Orders,Commerce,Orders,gcp,on_demand,57.4,27.5,7.8
2025-02-01,Orders,Commerce,Orders,azure,on_demand,126.11,4.31,5.91
2025-02-01,ResearchSim,R&D,ResearchSim,gcp,on_demand,23.9,34.08,7.77
2025-03-01,ResearchSim,R&D,ResearchSim,gcp,reserved,95.89,7.73,3.77
2025-03-01,ResearchSim,R&D,ResearchSim,gcp,on_demand,1.39,20.31,4.12
2025-03-01,Orders,Commerce,Orders,azure,reserved,23.14,7.89,1.75
2025-03-01,Website,Marketing,Website,gcp,on_demand,3.03,36.17,7.36
2025-03-01,ResearchSim,R&D,ResearchSim,aws,on_demand,51.67,38.16,9.7
2025-03-01,ResearchSim,R&D,ResearchSim,aws,spot,28.91,3.48,0.74
2025-03-01,ResearchSim,R&D,ResearchSim,aws,on_demand,120.37,12.6,7.33
2025-03-01,Website,Marketing,Website,azure,spot,104.46,28.44,3.95
2025-03-01,ResearchSim,R&D,ResearchSim,aws,reserved,68.12,10.5,3.38
2025-03-01,Orders,Commerce,Orders,aws,on_demand,145.32,9.83,7.78
2025-03-01,Website,Marketing,Website,gcp,spot,64.16,24.49,2.99
2025-03-01,Orders,Commerce,Orders,azure,on_demand,106.84,12.56,6.79
2025-03-01,Orders,Commerce,Orders,aws,on_demand,137.07,5.95,6.67
2025-03-01,Website,Marketing,Website,azure,spot,38.47,7.78,1.24
2025-03-01,Website,Marketing,Website,aws,reserved,84.98,31.97,6.86
2025-03-01,Orders,Commerce,Orders,gcp,spot,17.06,22.55,2.08
2025-03-01,Orders,Commerce,Orders,aws,reserved,143.53,5.9,4.84
2025-03-01,Website,Marketing,Website,aws,on_demand,49.41,17.5,5.48
2025-03-01,Orders,Commerce,Orders,aws,reserved,130.53,36.25,8.73
2025-03-01,ResearchSim,R&D,ResearchSim,azure,on_demand,106.8,1.06,4.48
2025-03-01,Website,Marketing,Website,azure,reserved,84.06,14.11,4.33
2025-03-01,Website,Marketing,Website,azure,on_demand,56.09,32.45,8.73
2025-03-01,Orders,Commerce,Orders,azure,reserved,19.78,16.32,2.84
2025-03-01,Orders,Commerce,Orders,gcp,reserved,75.46,19.49,4.84
2025-03-01,Website,Marketing,Website,azure,reserved,138.52,8.66,5.09
2025-03-01,Website,Marketing,Website,aws,reserved,128.82,7.67,4.68
2025-03-01,Website,Marketing,Website,aws,on_demand,102.08,16.44,7.37
2025-03-01,ResearchSim,R&D,ResearchSim,gcp,reserved,111.53,9.77,4.49
2025-03-01,ResearchSim,R&D,ResearchSim,azure,spot,147.47,33.41,5.03
2025-03-01,ResearchSim,R&D,ResearchSim,aws,on_demand,3.59,37.88,7.72
2025-03-01,ResearchSim,R&D,ResearchSim,azure,reserved,67.17,37.96,7.2
2025-03-01,Orders,Commerce,Orders,azure,on_demand,69.23,24.22,7.61
2025-03-01,Orders,Commerce,Orders,aws,on_demand,137.74,2.69,6.05
2025-03-01,Orders,Commerce,Orders,azure,spot,6.76,8.29,0.77
2025-03-01,Website,Marketing,Website,aws,reserved,92.13,18.28,5.14
2025-03-01,Orders,Commerce,Orders,aws,reserved,57.98,29.12,5.7
2025-03-01,ResearchSim,R&D,ResearchSim,gcp,on_demand,36.41,27.45,6.95
2025-03-01,ResearchSim,R&D,ResearchSim,gcp,reserved,128.42,2.9,4.0
2025-03-01,Website,Marketing,Website,azure,on_demand,117.7,24.38,9.58
2025-03-01,Orders,Commerce,Orders,azure,on_demand,4.71,3.4,0.87
2025-03-01,Orders,Commerce,Orders,aws,on_demand,130.02,35.91,12.38
2025-03-01,ResearchSim,R&D,ResearchSim,aws,reserved,35.74,18.53,3.59
2025-03-01,Website,Marketing,Website,azure,reserved,117.13,12.62,5.05
2025-03-01,Website,Marketing,Website,aws,on_demand,110.57,21.42,8.71
2025-03-01,ResearchSim,R&D,ResearchSim,aws,on_demand,140.1,2.49,6.1
2025-03-01,ResearchSim,R&D,ResearchSim,aws,reserved,99.37,33.22,7.43
2025-03-01,Orders,Commerce,Orders,gcp,spot,147.15,6.7,2.89
2025-03-01,Orders,Commerce,Orders,azure,reserved,135.33,10.35,5.24
2025-03-01,ResearchSim,R&D,ResearchSim,azure,spot,87.36,5.49,1.84
2025-03-01,Website,Marketing,Website,aws,spot,2.96,22.71,1.86
2025-03-01,ResearchSim,R&D,ResearchSim,aws,on_demand,64.56,33.21,9.22
2025-03-01,ResearchSim,R&D,ResearchSim,aws,spot,94.52,36.67,4.45
2025-03-01,Website,Marketing,Website,azure,on_demand,69.69,18.12,6.41
2025-03-01,Website,Marketing,Website,azure,on_demand,74.73,36.25,10.24
2025-03-01,Orders,Commerce,Orders,azure,on_demand,121.76,27.96,10.46
2025-03-01,Website,Marketing,Website,azure,on_demand,70.75,31.02,9.03
2025-03-01,Orders,Commerce,Orders,azure,reserved,22.2,24.59,4.06
2025-03-01,Orders,Commerce,Orders,gcp,reserved,82.32,6.2,3.17
2025-03-01,Orders,Commerce,Orders,gcp,spot,77.38,39.56,4.4
2025-03-01,ResearchSim,R&D,ResearchSim,aws,on_demand,11.61,25.76,5.62
2025-03-01,Website,Marketing,Website,aws,spot,5.0,13.66,1.17
2025-03-01,ResearchSim,R&D,ResearchSim,gcp,on_demand,77.88,16.97,6.51
2025-03-01,ResearchSim,R&D,ResearchSim,aws,reserved,60.27,20.61,4.57
2025-03-01,ResearchSim,R&D,ResearchSim,azure,on_demand,126.06,25.65,10.17
2025-03-01,ResearchSim,R&D,ResearchSim,gcp,on_demand,125.88,25.44,10.12
2025-03-01,ResearchSim,R&D,ResearchSim,azure,on_demand,29.45,4.93,2.16
2025-03-01,Orders,Commerce,Orders,gcp,spot,83.94,14.44,2.5
2025-03-01,ResearchSim,R&D,ResearchSim,aws,reserved,41.24,33.54,5.85
2025-03-01,ResearchSim,R&D,ResearchSim,azure,reserved,90.99,39.08,8.02
2025-03-01,ResearchSim,R&D,ResearchSim,aws,spot,3.94,17.6,1.47
2025-03-01,Website,Marketing,Website,azure,reserved,1.18,20.58,2.91
2025-03-01,Website,Marketing,Website,azure,on_demand,130.96,4.11,6.06
2025-03-01,Website,Marketing,Website,azure,on_demand,97.68,28.98,9.7
2025-03-01,Orders,Commerce,Orders,gcp,spot,43.46,9.0,1.42
2025-03-01,Website,Marketing,Website,aws,on_demand,110.07,23.88,9.18
2025-03-01,ResearchSim,R&D,ResearchSim,azure,reserved,136.89,16.49,6.14
2025-03-01,Orders,Commerce,Orders,aws,reserved,14.65,37.05,5.6
2025-03-01,Orders,Commerce,Orders,gcp,on_demand,101.77,2.04,4.48
2025-03-01,ResearchSim,R&D,ResearchSim,aws,on_demand,54.96,29.06,8.01
2025-03-01,Orders,Commerce,Orders,gcp,on_demand,52.85,11.56,4.43
2025-03-01,ResearchSim,R&D,ResearchSim,aws,on_demand,35.22,27.31,6.87
2025-03-01,Orders,Commerce,Orders,azure,spot,148.47,6.89,2.93
2025-03-01,Website,Marketing,Website,gcp,on_demand,135.77,31.62,11.75
2025-03-01,Website,Marketing,Website,azure,spot,101.49,26.16,3.72
2025-03-01,ResearchSim,R&D,ResearchSim,gcp,on_demand,35.28,23.97,6.21
2025-03-01,Website,Marketing,Website,azure,reserved,112.48,10.18,4.57
2025-03-01,Orders,Commerce,Orders,gcp,reserved,58.15,27.13,5.43
2025-03-01,Website,Marketing,Website,azure,on_demand,100.67,6.63,5.35
2025-03-01,Website,Marketing,Website,azure,on_demand,17.84,31.14,6.94
2025-03-01,Orders,Commerce,Orders,aws,spot,141.23,31.48,4.78
2025-03-01,Orders,Commerce,Orders,aws,spot,36.51,37.5,3.58
2025-03-01,Website,Marketing,Website,gcp,on_demand,118.62,31.85,11.11
2025-03-01,ResearchSim,R&D,ResearchSim,gcp,on_demand,91.58,15.17,6.7
2025-03-01,Website,Marketing,Website,azure,reserved,115.3,0.19,3.25
2025-03-01,Website,Marketing,Website,gcp,on_demand,115.26,32.33,11.08
2025-03-01,ResearchSim,R&D,ResearchSim,gcp,on_demand,7.92,14.53,3.22
2025-03-01,Website,Marketing,Website,gcp,on_demand,77.92,3.15,3.75
2025-03-01,Orders,Commerce,Orders,azure,spot,77.81,8.46,1.92
2025-03-01,ResearchSim,R&D,ResearchSim,azure,on_demand,60.71,11.33,4.69
2025-03-01,Website,Marketing,Website,gcp,reserved,39.07,13.23,2.95
2025-03-01,ResearchSim,R&D,ResearchSim,aws,on_demand,66.07,7.31,4.1
2025-03-01,Website,Marketing,Website,aws,reserved,22.66,17.65,3.11
2025-03-01,Orders,Commerce,Orders,gcp,spot,14.49,38.51,3.31
2025-03-01,Website,Marketing,Website,azure,spot,120.3,34.46,4.68
2025-03-01,Website,Marketing,Website,gcp,reserved,101.94,35.88,7.88
2025-03-01,ResearchSim,R&D,ResearchSim,aws,on_demand,48.9,8.89,3.73
2025-03-01,Website,Marketing,Website,aws,reserved,124.19,16.48,5.78
2025-03-01,Orders,Commerce,Orders,gcp,reserved,122.99,18.16,5.99
2025-03-01,Website,Marketing,Website,aws,on_demand,104.28,34.06,10.98
2025-04-01,ResearchSim,R&D,ResearchSim,gcp,on_demand,24.03,27.81,6.52
2025-04-01,Website,Marketing,Website,aws,spot,81.58,34.61,4.07
2025-04-01,ResearchSim,R&D,ResearchSim,azure,on_demand,62.07,2.37,2.96
2025-04-01,ResearchSim,R&D,ResearchSim,azure,on_demand,129.66,32.48,11.68
2025-04-01,Orders,Commerce,Orders,aws,reserved,64.63,15.81,4.02
2025-04-01,ResearchSim,R&D,ResearchSim,gcp,on_demand,76.96,20.09,7.1
2025-04-01,Website,Marketing,Website,aws,on_demand,75.26,23.1,7.63
2025-04-01,Orders,Commerce,Orders,aws,reserved,46.79,30.59,5.59
2025-04-01,Orders,Commerce,Orders,aws,reserved,66.18,7.18,2.86
2025-04-01,Orders,Commerce,Orders,azure,on_demand,33.29,33.81,8.09
2025-04-01,Website,Marketing,Website,aws,spot,26.6,37.06,3.39
2025-04-01,Orders,Commerce,Orders,azure,reserved,2.51,36.42,5.17
2025-04-01,Website,Marketing,Website,azure,on_demand,116.56,1.57,4.98
2025-04-01,Orders,Commerce,Orders,azure,reserved,65.47,13.71,3.75
2025-04-01,Website,Marketing,Website,azure,on_demand,60.56,19.15,6.25
2025-04-01,ResearchSim,R&D,ResearchSim,gcp,reserved,84.14,19.29,5.06
2025-04-01,Orders,Commerce,Orders,aws,spot,10.22,31.94,2.72
2025-04-01,Website,Marketing,Website,aws,reserved,108.78,30.68,7.34
2025-04-01,Orders,Commerce,Orders,azure,on_demand,21.26,17.38,4.33
2025-04-01,Orders,Commerce,Orders,aws,reserved,23.27,37.75,5.94
2025-04-01,ResearchSim,R&D,ResearchSim,aws,reserved,35.4,5.59,1.77
2025-04-01,Website,Marketing,Website,aws,reserved,101.45,7.45,3.88
2025-04-01,Orders,Commerce,Orders,gcp,reserved,6.27,32.4,4.71
2025-04-01,ResearchSim,R&D,ResearchSim,gcp,reserved,107.44,2.13,3.31
2025-04-01,Website,Marketing,Website,aws,spot,22.24,8.3,1.02
2025-04-01,Orders,Commerce,Orders,aws,on_demand,111.72,0.45,4.56
2025-04-01,Orders,Commerce,Orders,gcp,reserved,102.74,25.29,6.42
2025-04-01,Orders,Commerce,Orders,aws,reserved,80.47,14.69,4.31
2025-04-01,Orders,Commerce,Orders,aws,reserved,54.65,19.47,4.26
2025-04-01,Website,Marketing,Website,gcp,reserved,70.25,17.6,4.43
2025-04-01,ResearchSim,R&D,ResearchSim,aws,reserved,94.32,30.11,6.86
2025-04-01,Website,Marketing,Website,aws,on_demand,142.47,22.85,10.27
2025-04-01,ResearchSim,R&D,ResearchSim,azure,spot,94.55,11.83,2.46
2025-04-01,Website,Marketing,Website,azure,on_demand,46.07,33.28,8.5
2025-04-01,Website,Marketing,Website,gcp,on_demand,100.19,21.58,8.32
2025-04-01,ResearchSim,R&D,ResearchSim,gcp,on_demand,24.44,11.57,3.29
2025-04-01,Orders,Commerce,Orders,gcp,reserved,94.76,18.01,5.17
2025-04-01,Website,Marketing,Website,gcp,on_demand,78.84,14.51,6.06
2025-04-01,Orders,Commerce,Orders,gcp,reserved,79.4,22.24,5.34
2025-04-01,Orders,Commerce,Orders,azure,spot,33.92,18.27,2.0
2025-04-01,ResearchSim,R&D,ResearchSim,aws,reserved,101.15,34.5,7.66
2025-04-01,ResearchSim,R&D,ResearchSim,gcp,on_demand,56.47,9.52,4.16
2025-04-01,Website,Marketing,Website,azure,on_demand,113.88,32.97,11.15
2025-04-01,Website,Marketing,Website,aws,reserved,117.13,27.24,7.09
2025-04-01,Website,Marketing,Website,gcp,spot,2.74,17.44,1.44
2025-04-01,ResearchSim,R&D,ResearchSim,azure,reserved,79.08,25.52,5.79
2025-04-01,ResearchSim,R&D,ResearchSim,azure,on_demand,69.2,39.62,10.69
2025-04-01,Orders,Commerce,Orders,gcp,reserved,130.75,33.15,8.3
2025-04-01,Website,Marketing,Website,gcp,on_demand,37.75,22.38,5.99
2025-04-01,Orders,Commerce,Orders,aws,reserved,133.7,0.04,3.75
2025-04-01,Website,Marketing,Website,aws,on_demand,22.85,18.79,4.67
2025-04-01,Website,Marketing,Website,gcp,on_demand,53.52,30.37,8.21
2025-04-01,Website,Marketing,Website,aws,spot,44.95,22.91,2.55
2025-04-01,ResearchSim,R&D,ResearchSim,azure,spot,90.95,24.6,3.42
2025-04-01,Orders,Commerce,Orders,gcp,on_demand,30.96,22.52,5.74
2025-04-01,Website,Marketing,Website,azure,reserved,62.8,17.42,4.2
2025-04-01,Orders,Commerce,Orders,aws,on_demand,12.1,2.33,0.95
2025-04-01,Orders,Commerce,Orders,aws,on_demand,23.29,34.09,7.75
2025-04-01,ResearchSim,R&D,ResearchSim,gcp,on_demand,121.19,18.71,8.59
2025-04-01,Website,Marketing,Website,gcp,on_demand,34.0,29.72,7.3
2025-04-01,Website,Marketing,Website,aws,reserved,98.86,18.45,5.35
2025-04-01,Orders,Commerce,Orders,azure,spot,142.11,8.18,2.93
2025-04-01,Website,Marketing,Website,gcp,on_demand,85.08,23.94,8.19
2025-04-01,Website,Marketing,Website,gcp,on_demand,1.76,3.84,0.84
2025-04-01,Orders,Commerce,Orders,gcp,on_demand,46.05,20.78,6.0
2025-04-01,Orders,Commerce,Orders,aws,spot,112.42,8.31,2.46
2025-04-01,Website,Marketing,Website,gcp,on_demand,47.12,36.96,9.28
2025-04-01,ResearchSim,R&D,ResearchSim,azure,on_demand,94.56,7.91,5.36
2025-04-01,ResearchSim,R&D,ResearchSim,azure,on_demand,55.1,37.58,9.72
2025-04-01,Orders,Commerce,Orders,aws,on_demand,118.25,24.65,9.66
2025-04-01,Website,Marketing,Website,gcp,spot,15.41,16.59,1.57
2025-04-01,ResearchSim,R&D,ResearchSim,aws,reserved,99.62,25.54,6.36
2025-04-01,Website,Marketing,Website,azure,on_demand,53.16,19.63,6.05
2025-04-01,Website,Marketing,Website,azure,on_demand,65.86,22.99,7.23
2025-04-01,Orders,Commerce,Orders,gcp,reserved,103.61,38.74,8.32
2025-04-01,Orders,Commerce,Orders,azure,spot,111.89,31.46,4.31
2025-04-01,Orders,Commerce,Orders,azure,reserved,75.67,22.9,5.32
2025-04-01,Website,Marketing,Website,azure,reserved,52.37,39.49,6.99
2025-04-01,ResearchSim,R&D,ResearchSim,aws,on_demand,120.03,12.12,7.23
2025-04-01,ResearchSim,R&D,ResearchSim,azure,reserved,79.77,30.15,6.45
2025-04-01,Website,Marketing,Website,azure,on_demand,37.58,10.56,3.62
2025-04-01,ResearchSim,R&D,ResearchSim,aws,on_demand,48.52,8.57,3.65
2025-04-01,ResearchSim,R&D,ResearchSim,gcp,on_demand,49.18,5.99,3.17
2025-04-01,ResearchSim,R&D,ResearchSim,gcp,on_demand,89.16,26.92,8.95
2025-04-01,ResearchSim,R&D,ResearchSim,aws,on_demand,25.64,37.21,8.47
2025-04-01,Website,Marketing,Website,aws,on_demand,38.42,16.23,4.78
2025-04-01,Orders,Commerce,Orders,aws,on_demand,123.22,27.44,10.42
2025-04-01,ResearchSim,R&D,ResearchSim,aws,reserved,68.33,0.2,1.94
2025-04-01,Website,Marketing,Website,azure,on_demand,130.3,16.78,8.57
2025-04-01,Orders,Commerce,Orders,azure,on_demand,135.8,23.5,10.13
2025-04-01,Website,Marketing,Website,gcp,on_demand,39.67,11.05,3.8
2025-04-01,Orders,Commerce,Orders,aws,on_demand,98.9,35.25,11.01
2025-04-01,Orders,Commerce,Orders,aws,spot,18.25,13.52,1.37
2025-04-01,ResearchSim,R&D,ResearchSim,azure,reserved,86.61,27.22,6.24
2025-04-01,ResearchSim,R&D,ResearchSim,gcp,reserved,118.51,28.41,7.3
2025-04-01,Orders,Commerce,Orders,azure,on_demand,96.13,36.12,11.07
2025-04-01,Orders,Commerce,Orders,azure,on_demand,47.76,24.09,6.73
2025-04-01,Orders,Commerce,Orders,azure,reserved,126.92,16.64,5.88
2025-04-01,Orders,Commerce,Orders,gcp,on_demand,15.96,8.94,2.43
2025-04-01,Orders,Commerce,Orders,azure,reserved,115.2,1.04,3.37
2025-04-01,Orders,Commerce,Orders,aws,spot,118.68,0.46,1.94
2025-04-01,Orders,Commerce,Orders,azure,on_demand,28.47,11.77,3.49
2025-04-01,Orders,Commerce,Orders,aws,on_demand,144.5,3.71,6.52
2025-04-01,Website,Marketing,Website,azure,on_demand,112.4,26.16,9.73
2025-04-01,ResearchSim,R&D,ResearchSim,azure,on_demand,85.66,23.14,8.05
2025-04-01,ResearchSim,R&D,ResearchSim,azure,spot,117.88,14.95,3.08
2025-04-01,Orders,Commerce,Orders,gcp,reserved,86.76,26.87,6.19
2025-04-01,Orders,Commerce,Orders,aws,reserved,125.16,23.06,6.73
2025-04-01,ResearchSim,R&D,ResearchSim,aws,on_demand,65.53,26.41,7.9
2025-04-01,ResearchSim,R&D,ResearchSim,gcp,spot,2.71,12.45,1.04
2025-04-01,Orders,Commerce,Orders,gcp,spot,106.36,30.05,4.11
2025-04-01,ResearchSim,R&D,ResearchSim,aws,spot,143.18,33.9,5.0
2025-04-01,Website,Marketing,Website,aws,reserved,137.84,28.08,7.79
2025-05-01,Orders,Commerce,Orders,aws,reserved,96.33,5.87,3.52
2025-05-01,ResearchSim,R&D,ResearchSim,azure,spot,41.16,2.46,0.86
2025-05-01,ResearchSim,R&D,ResearchSim,gcp,reserved,105.31,24.9,6.43
2025-05-01,Orders,Commerce,Orders,gcp,reserved,129.53,36.82,8.78
2025-05-01,ResearchSim,R&D,ResearchSim,gcp,spot,71.13,17.96,2.57
2025-05-01,Website,Marketing,Website,azure,on_demand,57.72,4.34,3.18
2025-05-01,Website,Marketing,Website,gcp,on_demand,6.48,24.17,5.09
2025-05-01,Orders,Commerce,Orders,gcp,on_demand,145.21,30.97,12.0
2025-05-01,Orders,Commerce,Orders,gcp,reserved,147.17,27.43,7.96
2025-05-01,Orders,Commerce,Orders,aws,reserved,116.39,24.26,6.66
2025-05-01,ResearchSim,R&D,ResearchSim,azure,on_demand,97.92,19.53,7.82
2025-05-01,Website,Marketing,Website,azure,reserved,96.89,1.12,2.87
2025-05-01,ResearchSim,R&D,ResearchSim,gcp,reserved,45.7,15.43,3.44
2025-05-01,Website,Marketing,Website,gcp,spot,139.28,34.8,5.01
2025-05-01,Website,Marketing,Website,aws,on_demand,86.07,37.26,10.89
2025-05-01,ResearchSim,R&D,ResearchSim,azure,on_demand,75.12,37.62,10.53
2025-05-01,Orders,Commerce,Orders,azure,spot,86.91,15.68,2.64
2025-05-01,ResearchSim,R&D,ResearchSim,gcp,on_demand,132.23,12.81,7.85
2025-05-01,Orders,Commerce,Orders,azure,spot,68.07,23.24,2.95
2025-05-01,Orders,Commerce,Orders,gcp,spot,114.25,39.13,4.96
2025-05-01,Website,Marketing,Website,gcp,on_demand,118.36,32.76,11.29
2025-05-01,Website,Marketing,Website,aws,reserved,77.37,34.6,7.01
2025-05-01,ResearchSim,R&D,ResearchSim,aws,on_demand,133.04,31.52,11.63
2025-05-01,ResearchSim,R&D,ResearchSim,aws,spot,97.75,23.58,3.45
2025-05-01,ResearchSim,R&D,ResearchSim,aws,on_demand,11.02,18.69,4.18
2025-05-01,Orders,Commerce,Orders,aws,on_demand,75.44,16.25,6.27
2025-05-01,Website,Marketing,Website,gcp,reserved,139.43,32.09,8.4
2025-05-01,Website,Marketing,Website,aws,on_demand,70.28,19.64,6.74
2025-05-01,Orders,Commerce,Orders,azure,on_demand,42.35,23.55,6.4
2025-05-01,ResearchSim,R&D,ResearchSim,azure,on_demand,20.29,38.35,8.48
2025-05-01,Website,Marketing,Website,azure,reserved,97.47,30.92,7.06
2025-05-01,Website,Marketing,Website,gcp,on_demand,65.67,38.57,10.34
2025-05-01,Website,Marketing,Website,gcp,reserved,144.3,14.48,6.07
2025-05-01,ResearchSim,R&D,ResearchSim,aws,on_demand,17.7,23.71,5.45
2025-05-01,Website,Marketing,Website,aws,on_demand,129.93,36.06,12.41
2025-05-01,Website,Marketing,Website,gcp,reserved,60.79,34.22,6.49
2025-05-01,ResearchSim,R&D,ResearchSim,gcp,reserved,99.77,31.88,7.26
2025-05-01,ResearchSim,R&D,ResearchSim,aws,on_demand,27.03,1.8,1.44
2025-05-01,Website,Marketing,Website,gcp,spot,70.58,10.63,1.98
2025-05-01,Website,Marketing,Website,gcp,reserved,96.21,7.57,3.75
2025-05-01,Orders,Commerce,Orders,gcp,on_demand,109.89,19.6,8.32
2025-05-01,Website,Marketing,Website,aws,on_demand,141.64,11.29,7.92
2025-05-01,Website,Marketing,Website,gcp,reserved,129.63,24.57,7.07
2025-05-01,Website,Marketing,Website,azure,reserved,98.54,12.28,4.48
2025-05-01,Website,Marketing,Website,aws,reserved,91.06,23.61,5.86
2025-05-01,Website,Marketing,Website,aws,on_demand,22.54,1.44,1.19
2025-05-01,Orders,Commerce,Orders,gcp,on_demand,104.86,35.68,11.33
2025-05-01,Orders,Commerce,Orders,aws,on_demand,23.16,32.39,7.4
2025-05-01,ResearchSim,R&D,ResearchSim,azure,on_demand,63.61,23.41,7.23
2025-05-01,Orders,Commerce,Orders,gcp,on_demand,102.06,8.52,5.79
2025-05-01,Website,Marketing,Website,gcp,reserved,83.96,1.58,2.57
2025-05-01,Orders,Commerce,Orders,azure,reserved,77.82,29.52,6.31
2025-05-01,Orders,Commerce,Orders,gcp,on_demand,36.08,33.72,8.19
2025-05-01,Orders,Commerce,Orders,gcp,on_demand,8.94,23.93,5.14
2025-05-01,Website,Marketing,Website,gcp,on_demand,38.78,20.17,5.59
2025-05-01,Orders,Commerce,Orders,azure,reserved,61.08,34.18,6.5
2025-05-01,ResearchSim,R&D,ResearchSim,aws,reserved,55.89,18.08,4.1
2025-05-01,Orders,Commerce,Orders,azure,on_demand,21.48,8.84,2.63
2025-05-01,ResearchSim,R&D,ResearchSim,aws,on_demand,65.29,36.23,9.86
2025-05-01,ResearchSim,R&D,ResearchSim,azure,spot,98.0,27.43,3.76
2025-05-01,Website,Marketing,Website,azure,on_demand,125.64,25.77,10.18
2025-05-01,Website,Marketing,Website,gcp,on_demand,104.22,19.8,8.13
2025-05-01,Orders,Commerce,Orders,gcp,spot,69.34,8.15,1.76
2025-05-01,Website,Marketing,Website,aws,on_demand,32.54,25.63,6.43
2025-05-01,ResearchSim,R&D,ResearchSim,azure,reserved,138.82,3.06,4.32
2025-05-01,Website,Marketing,Website,azure,spot,5.72,23.5,1.97
2025-05-01,Orders,Commerce,Orders,aws,on_demand,8.47,10.87,2.51
2025-05-01,Website,Marketing,Website,azure,on_demand,89.14,34.19,10.4
2025-05-01,Website,Marketing,Website,gcp,on_demand,28.78,24.47,6.05
2025-05-01,Orders,Commerce,Orders,azure,spot,61.63,15.1,2.19
2025-05-01,Orders,Commerce,Orders,azure,on_demand,121.18,21.48,9.14
2025-05-01,ResearchSim,R&D,ResearchSim,gcp,spot,114.09,9.11,2.55
2025-05-01,Website,Marketing,Website,aws,reserved,40.64,4.25,1.73
2025-05-01,Orders,Commerce,Orders,gcp,reserved,45.68,34.32,6.08
2025-05-01,Website,Marketing,Website,gcp,on_demand,39.81,7.72,3.14
2025-05-01,Orders,Commerce,Orders,gcp,on_demand,18.1,38.31,8.39
2025-05-01,Orders,Commerce,Orders,gcp,reserved,76.23,35.09,7.05
2025-05-01,ResearchSim,R&D,ResearchSim,gcp,on_demand,96.58,8.57,5.58
2025-05-01,ResearchSim,R&D,ResearchSim,aws,spot,37.57,17.93,2.04
2025-05-01,ResearchSim,R&D,ResearchSim,aws,reserved,46.7,20.11,4.12
2025-05-01,Orders,Commerce,Orders,azure,spot,49.42,19.98,2.39
2025-05-01,Website,Marketing,Website,azure,on_demand,56.05,2.13,2.67
2025-05-01,Website,Marketing,Website,aws,on_demand,126.39,35.15,12.09
2025-05-01,Website,Marketing,Website,azure,on_demand,124.99,13.37,7.67
2025-05-01,Orders,Commerce,Orders,aws,on_demand,1.48,7.11,1.48
2025-05-01,Website,Marketing,Website,gcp,reserved,106.65,31.72,7.43
2025-05-01,Orders,Commerce,Orders,azure,on_demand,22.47,10.0,2.9
2025-05-01,Orders,Commerce,Orders,azure,on_demand,112.86,9.84,6.48
2025-05-01,Website,Marketing,Website,gcp,spot,58.07,2.48,1.13
2025-05-01,Website,Marketing,Website,gcp,reserved,125.15,10.37,4.96
2025-05-01,ResearchSim,R&D,ResearchSim,gcp,reserved,8.54,2.03,0.52
2025-05-01,ResearchSim,R&D,ResearchSim,azure,on_demand,128.13,3.08,5.74
2025-05-01,Orders,Commerce,Orders,gcp,on_demand,59.29,13.49,5.07
2025-05-01,ResearchSim,R&D,ResearchSim,aws,spot,13.73,7.09,0.79
2025-05-01,Website,Marketing,Website,azure,on_demand,95.33,19.5,7.71
2025-05-01,ResearchSim,R&D,ResearchSim,gcp,on_demand,7.2,24.29,5.15
2025-05-01,Orders,Commerce,Orders,aws,on_demand,79.79,38.17,10.83
2025-05-01,Orders,Commerce,Orders,gcp,on_demand,33.53,7.88,2.92
2025-05-01,Orders,Commerce,Orders,aws,spot,21.93,13.62,1.44
2025-05-01,Website,Marketing,Website,gcp,spot,135.81,27.87,4.4
2025-05-01,Orders,Commerce,Orders,gcp,reserved,66.45,24.5,5.29
2025-05-01,Website,Marketing,Website,aws,reserved,82.77,22.63,5.49
2025-05-01,ResearchSim,R&D,ResearchSim,gcp,on_demand,120.65,23.71,9.57
2025-05-01,Orders,Commerce,Orders,gcp,on_demand,96.83,4.11,4.7
2025-05-01,ResearchSim,R&D,ResearchSim,aws,on_demand,136.66,10.81,7.63
2025-05-01,Website,Marketing,Website,azure,spot,2.02,3.36,0.3
2025-05-01,ResearchSim,R&D,ResearchSim,gcp,reserved,105.79,36.05,8.01
2025-05-01,Orders,Commerce,Orders,aws,on_demand,43.39,6.74,3.08
2025-05-01,Orders,Commerce,Orders,azure,on_demand,124.5,32.83,11.55
2025-05-01,Website,Marketing,Website,gcp,reserved,133.61,6.09,4.59
2025-05-01,ResearchSim,R&D,ResearchSim,gcp,reserved,46.11,12.29,3.01
2025-05-01,ResearchSim,R&D,ResearchSim,azure,on_demand,144.09,15.64,8.89
2025-05-01,ResearchSim,R&D,ResearchSim,gcp,on_demand,12.04,21.7,4.82
2025-05-01,Orders,Commerce,Orders,azure,spot,37.85,15.42,1.84
2025-05-01,ResearchSim,R&D,ResearchSim,azure,on_demand,142.8,36.53,13.02
2025-05-01,ResearchSim,R&D,ResearchSim,azure,spot,96.25,4.95,1.94
2025-05-01,Orders,Commerce,Orders,aws,reserved,119.59,28.77,7.38
2025-05-01,Orders,Commerce,Orders,aws,on_demand,15.66,2.47,1.12
2025-05-01,Orders,Commerce,Orders,aws,spot,16.25,16.11,1.55
2025-05-01,Orders,Commerce,Orders,aws,spot,44.18,21.73,2.45
2025-05-01,ResearchSim,R&D,ResearchSim,azure,spot,19.68,35.26,3.14
2025-05-01,Website,Marketing,Website,gcp,spot,26.95,15.72,1.69
2025-05-01,Orders,Commerce,Orders,azure,spot,149.86,6.32,2.9
2025-05-01,Orders,Commerce,Orders,aws,spot,140.66,38.7,5.35
2025-05-01,Orders,Commerce,Orders,azure,on_demand,81.0,17.64,6.77
2025-05-01,Website,Marketing,Website,gcp,on_demand,58.34,12.44,4.82
2025-05-01,Orders,Commerce,Orders,gcp,reserved,98.12,25.38,6.3
2025-05-01,ResearchSim,R&D,ResearchSim,gcp,spot,74.53,28.24,3.45
2025-05-01,Website,Marketing,Website,gcp,spot,136.58,12.1,3.15
2025-05-01,Website,Marketing,Website,gcp,on_demand,73.53,5.36,4.01
2025-05-01,Website,Marketing,Website,aws,reserved,27.59,11.68,2.41
2025-05-01,Orders,Commerce,Orders,azure,spot,125.05,27.96,4.24
2025-05-01,Orders,Commerce,Orders,gcp,spot,3.78,26.93,2.21
2025-05-01,ResearchSim,R&D,ResearchSim,azure,on_demand,129.58,38.66,12.92
2025-05-01,Orders,Commerce,Orders,aws,on_demand,52.36,7.31,3.56
2025-05-01,Website,Marketing,Website,gcp,reserved,112.0,26.66,6.87
2025-05-01,Orders,Commerce,Orders,gcp,spot,89.44,19.42,2.98
2025-05-01,ResearchSim,R&D,ResearchSim,aws,on_demand,107.28,23.24,8.94
2025-05-01,Orders,Commerce,Orders,gcp,reserved,83.78,4.14,2.93
2025-05-01,ResearchSim,R&D,ResearchSim,gcp,on_demand,29.42,15.25,4.23
2025-05-01,ResearchSim,R&D,ResearchSim,azure,reserved,25.8,33.37,5.39
2025-05-01,ResearchSim,R&D,ResearchSim,aws,reserved,4.18,35.39,5.07
2025-05-01,Website,Marketing,Website,azure,on_demand,27.92,35.06,8.13
2025-05-01,ResearchSim,R&D,ResearchSim,gcp,reserved,35.42,20.84,3.91
2025-05-01,Orders,Commerce,Orders,gcp,on_demand,11.55,3.23,1.11
2025-05-01,ResearchSim,R&D,ResearchSim,aws,on_demand,28.88,3.23,1.8
2025-05-01,Website,Marketing,Website,azure,on_demand,106.36,28.8,10.01
2025-05-01,ResearchSim,R&D,ResearchSim,gcp,on_demand,1.49,19.18,3.9
2025-05-01,ResearchSim,R&D,ResearchSim,gcp,reserved,137.91,36.1,8.92
2025-05-01,ResearchSim,R&D,ResearchSim,azure,on_demand,91.8,31.69,10.01
2025-05-01,Website,Marketing,Website,aws,spot,57.3,16.65,2.25
2025-05-01,Orders,Commerce,Orders,gcp,spot,36.41,37.37,3.57
2025-05-01,Website,Marketing,Website,azure,on_demand,11.87,31.25,6.72
2025-05-01,ResearchSim,R&D,ResearchSim,azure,on_demand,54.49,29.93,8.17
2025-05-01,ResearchSim,R&D,ResearchSim,aws,spot,50.59,4.03,1.13
2025-05-01,ResearchSim,R&D,ResearchSim,azure,on_demand,6.15,13.1,2.87
2025-05-01,Orders,Commerce,Orders,aws,reserved,87.69,8.33,3.62
2025-05-01,ResearchSim,R&D,ResearchSim,azure,on_demand,105.9,36.67,11.57
2025-05-01,Website,Marketing,Website,azure,on_demand,46.98,4.29,2.74
2025-05-01,Orders,Commerce,Orders,azure,reserved,60.88,14.22,3.7
2025-05-01,ResearchSim,R&D,ResearchSim,aws,on_demand,5.54,2.6,0.74
2025-05-01,Orders,Commerce,Orders,azure,spot,36.35,5.37,1.01
2025-05-01,ResearchSim,R&D,ResearchSim,aws,spot,118.24,18.64,3.38
2025-05-01,ResearchSim,R&D,ResearchSim,aws,reserved,30.61,38.23,6.21
2025-05-01,ResearchSim,R&D,ResearchSim,azure,reserved,124.0,4.48,4.1
2025-05-01,Orders,Commerce,Orders,gcp,spot,133.14,34.93,4.92
2025-05-01,ResearchSim,R&D,ResearchSim,azure,spot,85.96,9.2,2.11
2025-05-01,ResearchSim,R&D,ResearchSim,aws,reserved,67.02,27.28,5.7
2025-05-01,Orders,Commerce,Orders,gcp,reserved,11.52,6.45,1.23
2025-05-01,Website,Marketing,Website,aws,spot,37.38,34.27,3.34
2025-05-01,Orders,Commerce,Orders,aws,spot,14.06,24.25,2.16
2025-05-01,Orders,Commerce,Orders,aws,reserved,134.75,39.85,9.35
2025-05-01,Orders,Commerce,Orders,gcp,reserved,9.02,17.28,2.67
2025-05-01,Website,Marketing,Website,gcp,on_demand,101.33,1.05,4.26
2025-05-01,Orders,Commerce,Orders,azure,reserved,76.91,0.75,2.26
2025-05-01,ResearchSim,R&D,ResearchSim,aws,reserved,142.82,28.61,8.0
2025-05-01,Orders,Commerce,Orders,azure,on_demand,11.09,6.12,1.67
2025-06-01,Orders,Commerce,Orders,gcp,reserved,73.69,14.76,4.13
2025-06-01,ResearchSim,R&D,ResearchSim,gcp,spot,32.64,34.68,3.3
2025-06-01,Orders,Commerce,Orders,gcp,spot,128.39,25.59,4.1
2025-06-01,Website,Marketing,Website,aws,on_demand,4.64,10.6,2.31
2025-06-01,Orders,Commerce,Orders,aws,on_demand,4.58,24.79,5.14
2025-06-01,ResearchSim,R&D,ResearchSim,gcp,on_demand,84.03,9.42,5.25
2025-06-01,Orders,Commerce,Orders,azure,spot,140.87,5.17,2.67
2025-06-01,ResearchSim,R&D,ResearchSim,azure,on_demand,96.82,19.58,7.79
2025-06-01,Website,Marketing,Website,azure,on_demand,60.28,17.5,5.91
2025-06-01,Orders,Commerce,Orders,azure,spot,51.3,12.4,1.81
2025-06-01,Website,Marketing,Website,azure,on_demand,140.7,7.19,7.07
2025-06-01,Orders,Commerce,Orders,gcp,reserved,51.6,27.33,5.27
2025-06-01,ResearchSim,R&D,ResearchSim,gcp,on_demand,130.62,24.29,10.08
2025-06-01,Orders,Commerce,Orders,gcp,on_demand,125.01,38.47,12.69
2025-06-01,Orders,Commerce,Orders,gcp,spot,31.95,10.19,1.33
2025-06-01,Orders,Commerce,Orders,gcp,on_demand,85.84,17.47,6.93
2025-06-01,ResearchSim,R&D,ResearchSim,aws,on_demand,145.89,25.76,10.99
2025-06-01,Website,Marketing,Website,gcp,on_demand,122.04,18.93,8.67
2025-06-01,Orders,Commerce,Orders,aws,reserved,124.87,24.12,6.87
2025-06-01,Orders,Commerce,Orders,aws,reserved,68.04,4.48,2.53
2025-06-01,Website,Marketing,Website,azure,reserved,52.65,9.7,2.83
2025-06-01,Website,Marketing,Website,aws,spot,69.83,36.8,4.06
2025-06-01,Orders,Commerce,Orders,aws,spot,118.68,3.58,2.19
2025-06-01,Orders,Commerce,Orders,gcp,on_demand,6.01,37.05,7.65
2025-06-01,ResearchSim,R&D,ResearchSim,gcp,on_demand,101.27,23.92,8.83
2025-06-01,Website,Marketing,Website,aws,on_demand,125.29,7.58,6.53
2025-06-01,Website,Marketing,Website,gcp,spot,40.79,10.04,1.46
2025-06-01,ResearchSim,R&D,ResearchSim,aws,on_demand,121.45,16.74,8.21
2025-06-01,Orders,Commerce,Orders,gcp,reserved,103.81,39.22,8.4
2025-06-01,Orders,Commerce,Orders,azure,spot,70.04,6.01,1.6
2025-06-01,Website,Marketing,Website,gcp,on_demand,107.95,9.56,6.23
2025-06-01,Orders,Commerce,Orders,azure,spot,127.23,20.29,3.66
2025-06-01,ResearchSim,R&D,ResearchSim,aws,on_demand,48.62,19.3,5.8
2025-06-01,Orders,Commerce,Orders,aws,on_demand,81.52,14.89,6.24
2025-06-01,ResearchSim,R&D,ResearchSim,gcp,on_demand,7.46,2.4,0.78
2025-06-01,Orders,Commerce,Orders,azure,on_demand,51.97,29.24,7.93
2025-06-01,Website,Marketing,Website,azure,on_demand,132.82,11.35,7.58
2025-06-01,Orders,Commerce,Orders,azure,on_demand,72.44,22.11,7.32
2025-06-01,ResearchSim,R&D,ResearchSim,gcp,spot,5.14,11.57,1.01
2025-06-01,Orders,Commerce,Orders,azure,spot,33.81,28.47,2.82
2025-06-01,ResearchSim,R&D,ResearchSim,gcp,on_demand,118.55,30.43,10.83
2025-06-01,Website,Marketing,Website,gcp,on_demand,140.8,30.85,11.8
2025-06-01,Website,Marketing,Website,azure,on_demand,110.49,13.32,7.08
2025-06-01,Orders,Commerce,Orders,gcp,on_demand,47.72,39.52,9.81
2025-06-01,Website,Marketing,Website,azure,spot,17.13,29.16,2.61
2025-06-01,ResearchSim,R&D,ResearchSim,azure,spot,101.52,14.36,2.77
2025-06-01,ResearchSim,R&D,ResearchSim,gcp,on_demand,61.85,31.56,8.79
2025-06-01,Orders,Commerce,Orders,aws,on_demand,106.1,17.91,7.83
2025-06-01,ResearchSim,R&D,ResearchSim,gcp,reserved,126.61,29.47,7.67
2025-06-01,Orders,Commerce,Orders,aws,on_demand,14.15,22.56,5.08
2025-06-01,Website,Marketing,Website,gcp,on_demand,14.79,10.62,2.72
2025-06-01,ResearchSim,R&D,ResearchSim,aws,on_demand,55.87,28.81,8.0
2025-06-01,Orders,Commerce,Orders,azure,on_demand,73.22,16.53,6.23
2025-06-01,Orders,Commerce,Orders,gcp,on_demand,140.42,12.28,8.07
2025-06-01,Website,Marketing,Website,aws,reserved,7.89,3.1,0.65
2025-06-01,Orders,Commerce,Orders,aws,on_demand,88.96,5.71,4.7
2025-06-01,Website,Marketing,Website,gcp,spot,96.12,5.94,2.01
2025-06-01,Orders,Commerce,Orders,aws,reserved,91.31,6.65,3.49
2025-06-01,Orders,Commerce,Orders,azure,spot,107.73,26.95,3.88
2025-06-01,ResearchSim,R&D,ResearchSim,azure,on_demand,59.72,5.32,3.45
2025-06-01,Website,Marketing,Website,aws,spot,101.85,26.7,3.77
2025-06-01,ResearchSim,R&D,ResearchSim,aws,reserved,9.11,21.83,3.31
2025-06-01,ResearchSim,R&D,ResearchSim,azure,on_demand,149.81,11.76,8.34
2025-06-01,ResearchSim,R&D,ResearchSim,gcp,spot,93.93,2.01,1.66
2025-06-01,Orders,Commerce,Orders,azure,spot,47.29,15.97,2.03
2025-06-01,ResearchSim,R&D,ResearchSim,gcp,on_demand,46.98,22.48,6.38
2025-06-01,Orders,Commerce,Orders,gcp,on_demand,102.32,22.6,8.61
2025-06-01,Website,Marketing,Website,gcp,reserved,76.33,35.15,7.06
2025-06-01,Orders,Commerce,Orders,gcp,on_demand,79.88,13.42,5.88
2025-06-01,Website,Marketing,Website,azure,on_demand,25.61,19.07,4.84
2025-06-01,ResearchSim,R&D,ResearchSim,aws,spot,112.87,5.85,2.27
2025-06-01,Website,Marketing,Website,gcp,on_demand,67.74,32.58,9.23
2025-06-01,Website,Marketing,Website,gcp,spot,107.96,35.28,4.55
2025-06-01,ResearchSim,R&D,ResearchSim,gcp,on_demand,107.03,18.94,8.07
2025-06-01,Website,Marketing,Website,aws,reserved,70.66,7.7,3.06
2025-06-01,Website,Marketing,Website,azure,spot,96.07,35.01,4.34
2025-06-01,Website,Marketing,Website,azure,spot,16.7,14.14,1.4
2025-06-01,ResearchSim,R&D,ResearchSim,azure,reserved,109.6,15.45,5.23
2025-06-01,ResearchSim,R&D,ResearchSim,gcp,reserved,59.98,20.09,4.49
2025-06-01,ResearchSim,R&D,ResearchSim,gcp,on_demand,78.47,20.87,7.31
2025-06-01,Orders,Commerce,Orders,azure,spot,41.5,10.02,1.47
2025-06-01,Orders,Commerce,Orders,gcp,reserved,113.33,27.21,6.98
2025-06-01,ResearchSim,R&D,ResearchSim,azure,reserved,136.45,14.41,5.84
2025-06-01,ResearchSim,R&D,ResearchSim,gcp,on_demand,106.38,16.68,7.59
2025-06-01,Website,Marketing,Website,aws,spot,41.69,34.0,3.39
2025-06-01,ResearchSim,R&D,ResearchSim,gcp,reserved,98.71,34.75,7.63
2025-06-01,Orders,Commerce,Orders,azure,on_demand,19.07,23.17,5.4
2025-06-01,Website,Marketing,Website,aws,reserved,88.26,32.18,6.98
2025-06-01,Website,Marketing,Website,gcp,reserved,144.87,24.1,7.43
2025-06-01,ResearchSim,R&D,ResearchSim,aws,reserved,83.1,0.09,2.34
2025-06-01,Orders,Commerce,Orders,aws,on_demand,139.63,1.11,5.81
2025-06-01,ResearchSim,R&D,ResearchSim,aws,on_demand,114.89,7.22,6.04
2025-06-01,Orders,Commerce,Orders,aws,on_demand,87.41,14.55,6.41
2025-06-01,Orders,Commerce,Orders,aws,reserved,122.24,15.8,5.63
2025-06-01,ResearchSim,R&D,ResearchSim,aws,reserved,10.92,30.72,4.61
2025-06-01,Orders,Commerce,Orders,gcp,on_demand,26.03,1.82,1.41
2025-06-01,ResearchSim,R&D,ResearchSim,aws,on_demand,137.36,19.36,9.37
2025-06-01,Orders,Commerce,Orders,aws,spot,93.74,24.18,3.43
2025-06-01,Orders,Commerce,Orders,azure,reserved,99.8,18.26,5.35
2025-06-01,ResearchSim,R&D,ResearchSim,gcp,reserved,104.93,0.55,3.02
2025-06-01,Orders,Commerce,Orders,aws,reserved,98.77,25.55,6.34
2025-06-01,Website,Marketing,Website,aws,spot,57.06,13.71,2.01
2025-06-01,Orders,Commerce,Orders,azure,reserved,140.91,34.0,8.71
2025-06-01,Orders,Commerce,Orders,aws,reserved,117.84,20.41,6.16
2025-06-01,Website,Marketing,Website,azure,reserved,137.06,12.5,5.59
2025-06-01,Website,Marketing,Website,aws,spot,93.2,4.54,1.85
2025-06-01,ResearchSim,R&D,ResearchSim,aws,on_demand,103.8,18.09,7.77
2025-06-01,ResearchSim,R&D,ResearchSim,aws,spot,145.14,36.24,5.22
2025-06-01,Orders,Commerce,Orders,gcp,reserved,93.86,26.27,6.31
2025-06-01,Orders,Commerce,Orders,azure,reserved,129.3,21.81,6.67
2025-06-01,ResearchSim,R&D,ResearchSim,aws,on_demand,107.3,25.66,9.42
2025-06-01,Orders,Commerce,Orders,azure,on_demand,17.88,26.64,6.04
2025-06-01,ResearchSim,R&D,ResearchSim,aws,on_demand,130.69,8.59,6.95
2025-06-01,ResearchSim,R&D,ResearchSim,aws,reserved,35.78,27.33,4.83
2025-06-01,ResearchSim,R&D,ResearchSim,aws,on_demand,68.18,6.41,4.01
2025-06-01,Orders,Commerce,Orders,gcp,on_demand,14.15,4.47,1.46
2025-06-01,Website,Marketing,Website,gcp,spot,109.11,6.62,2.28
2025-06-01,Orders,Commerce,Orders,aws,reserved,25.95,15.45,2.89
2025-06-01,ResearchSim,R&D,ResearchSim,aws,reserved,113.86,16.04,5.43
2025-06-01,Website,Marketing,Website,gcp,spot,148.1,18.73,3.87
2025-06-01,Website,Marketing,Website,azure,on_demand,110.79,38.12,12.06
2025-06-01,Orders,Commerce,Orders,aws,spot,50.63,20.29,2.43
2025-06-01,Website,Marketing,Website,aws,on_demand,66.92,31.19,8.91
2025-06-01,ResearchSim,R&D,ResearchSim,azure,reserved,86.43,3.35,2.89
2025-07-01,Website,Marketing,Website,gcp,reserved,87.48,11.86,4.11
2025-07-01,Website,Marketing,Website,azure,on_demand,111.31,12.79,7.01
2025-07-01,Website,Marketing,Website,gcp,spot,12.45,35.26,3.02
2025-07-01,Website,Marketing,Website,aws,reserved,52.15,13.6,3.36
2025-07-01,ResearchSim,R&D,ResearchSim,gcp,reserved,134.32,34.03,8.53
2025-07-01,Website,Marketing,Website,aws,reserved,108.32,29.79,7.2
2025-07-01,Orders,Commerce,Orders,azure,reserved,85.08,26.05,6.03
2025-07-01,ResearchSim,R&D,ResearchSim,aws,on_demand,113.74,15.34,7.62
2025-07-01,ResearchSim,R&D,ResearchSim,aws,reserved,117.25,3.48,3.77
2025-07-01,Website,Marketing,Website,aws,on_demand,58.05,22.48,6.82
2025-07-01,Website,Marketing,Website,azure,reserved,6.12,21.24,3.14
2025-07-01,Orders,Commerce,Orders,aws,spot,1.11,5.59,0.46
2025-07-01,ResearchSim,R&D,ResearchSim,aws,reserved,107.08,22.02,6.08
2025-07-01,Orders,Commerce,Orders,azure,reserved,2.7,36.52,5.19
2025-07-01,Website,Marketing,Website,aws,on_demand,64.86,8.79,4.35
2025-07-01,Orders,Commerce,Orders,gcp,reserved,97.38,8.94,3.98
2025-07-01,Orders,Commerce,Orders,aws,on_demand,148.05,15.01,8.92
2025-07-01,Website,Marketing,Website,azure,reserved,96.45,23.17,5.94
2025-07-01,Website,Marketing,Website,aws,spot,99.24,13.04,2.63
2025-07-01,ResearchSim,R&D,ResearchSim,azure,on_demand,61.8,19.13,6.3
2025-07-01,Website,Marketing,Website,gcp,on_demand,30.98,9.76,3.19
2025-07-01,ResearchSim,R&D,ResearchSim,azure,spot,1.84,37.85,3.06
2025-07-01,Website,Marketing,Website,aws,on_demand,134.25,26.15,10.6
2025-07-01,ResearchSim,R&D,ResearchSim,gcp,reserved,99.5,30.2,7.01
2025-07-01,Website,Marketing,Website,aws,on_demand,80.54,2.33,3.69
2025-07-01,Orders,Commerce,Orders,azure,on_demand,21.35,23.59,5.57
2025-07-01,Orders,Commerce,Orders,aws,reserved,48.12,39.38,6.86
2025-07-01,ResearchSim,R&D,ResearchSim,aws,on_demand,5.87,13.11,2.86
2025-07-01,Orders,Commerce,Orders,gcp,spot,117.16,15.44,3.11
2025-07-01,Website,Marketing,Website,gcp,on_demand,115.52,0.52,4.72
2025-07-01,ResearchSim,R&D,ResearchSim,aws,on_demand,9.28,35.56,7.48
2025-07-01,ResearchSim,R&D,ResearchSim,gcp,on_demand,76.46,12.81,5.62
2025-07-01,Orders,Commerce,Orders,azure,on_demand,94.99,29.14,9.63
2025-07-01,ResearchSim,R&D,ResearchSim,gcp,spot,35.56,22.95,2.4
2025-07-01,ResearchSim,R&D,ResearchSim,azure,reserved,42.17,8.43,2.36
2025-07-01,ResearchSim,R&D,ResearchSim,aws,on_demand,57.32,2.71,2.83
2025-07-01,Orders,Commerce,Orders,gcp,on_demand,143.9,14.01,8.56
2025-07-01,ResearchSim,R&D,ResearchSim,azure,reserved,95.97,26.19,6.35
2025-07-01,ResearchSim,R&D,ResearchSim,gcp,spot,11.1,3.46,0.45
2025-07-01,Orders,Commerce,Orders,gcp,on_demand,30.25,14.13,4.04
2025-07-01,Orders,Commerce,Orders,aws,reserved,87.1,6.64,3.37
2025-07-01,Orders,Commerce,Orders,gcp,reserved,47.71,17.94,3.85
2025-07-01,Orders,Commerce,Orders,aws,reserved,109.58,9.13,4.35
2025-07-01,ResearchSim,R&D,ResearchSim,azure,on_demand,81.79,17.91,6.85
2025-07-01,Website,Marketing,Website,aws,reserved,128.04,1.45,3.79
2025-07-01,ResearchSim,R&D,ResearchSim,aws,spot,79.01,37.52,4.27
2025-07-01,Orders,Commerce,Orders,aws,on_demand,117.38,33.26,11.35
2025-07-01,ResearchSim,R&D,ResearchSim,gcp,reserved,92.17,38.95,8.03
2025-07-01,Website,Marketing,Website,aws,reserved,43.73,26.76,4.97
2025-07-01,ResearchSim,R&D,ResearchSim,gcp,on_demand,15.89,7.86,2.21
2025-07-01,ResearchSim,R&D,ResearchSim,azure,spot,100.01,25.35,3.63
2025-07-01,ResearchSim,R&D,ResearchSim,gcp,on_demand,2.27,15.39,3.17
2025-07-01,Orders,Commerce,Orders,azure,on_demand,131.74,18.88,9.05
2025-07-01,ResearchSim,R&D,ResearchSim,aws,on_demand,12.9,13.03,3.12
2025-07-01,Orders,Commerce,Orders,azure,on_demand,122.09,20.37,8.96
2025-07-01,Website,Marketing,Website,aws,on_demand,61.49,18.09,6.08
2025-07-01,ResearchSim,R&D,ResearchSim,gcp,reserved,117.55,32.51,7.84
2025-07-01,Orders,Commerce,Orders,aws,on_demand,114.72,34.98,11.58
2025-07-01,ResearchSim,R&D,ResearchSim,azure,on_demand,145.55,39.64,13.75
2025-07-01,Website,Marketing,Website,aws,reserved,5.99,20.14,2.99
2025-07-01,Orders,Commerce,Orders,azure,on_demand,102.26,0.52,4.19
2025-07-01,Website,Marketing,Website,gcp,reserved,73.83,19.29,4.77
2025-07-01,Orders,Commerce,Orders,aws,reserved,40.68,23.88,4.48
2025-07-01,Website,Marketing,Website,aws,on_demand,49.22,30.03,7.97
2025-07-01,Website,Marketing,Website,azure,on_demand,42.99,33.66,8.45
2025-07-01,ResearchSim,R&D,ResearchSim,aws,on_demand,55.16,27.78,7.76
2025-07-01,Website,Marketing,Website,azure,on_demand,54.1,7.11,3.59
2025-07-01,Website,Marketing,Website,aws,reserved,102.01,37.97,8.17
2025-07-01,Website,Marketing,Website,gcp,spot,21.78,16.77,1.69
2025-07-01,ResearchSim,R&D,ResearchSim,azure,spot,145.1,28.29,4.58
2025-07-01,Orders,Commerce,Orders,gcp,on_demand,114.52,4.12,5.4
2025-07-01,Website,Marketing,Website,azure,on_demand,71.97,9.99,4.88
2025-07-01,Orders,Commerce,Orders,azure,reserved,48.65,17.11,3.76
2025-07-01,Orders,Commerce,Orders,gcp,on_demand,97.7,2.41,4.39
2025-07-01,Orders,Commerce,Orders,aws,reserved,145.61,21.78,7.13
2025-07-01,Orders,Commerce,Orders,gcp,on_demand,129.06,8.93,6.95
2025-07-01,Orders,Commerce,Orders,azure,reserved,27.44,19.39,3.48
2025-07-01,Orders,Commerce,Orders,azure,reserved,38.04,25.02,4.57
2025-07-01,Website,Marketing,Website,gcp,on_demand,31.21,9.64,3.18
2025-07-01,ResearchSim,R&D,ResearchSim,azure,spot,23.46,12.03,1.34
2025-07-01,Orders,Commerce,Orders,aws,on_demand,42.56,12.84,4.27
2025-07-01,Website,Marketing,Website,gcp,reserved,129.67,34.95,8.52
2025-07-01,ResearchSim,R&D,ResearchSim,gcp,reserved,20.89,7.7,1.66
2025-07-01,Orders,Commerce,Orders,gcp,spot,120.81,38.46,5.01
2025-07-01,Orders,Commerce,Orders,gcp,reserved,70.13,15.1,4.08
2025-07-01,ResearchSim,R&D,ResearchSim,gcp,spot,59.06,6.43,1.46
2025-07-01,ResearchSim,R&D,ResearchSim,azure,spot,57.3,37.42,3.91
2025-07-01,Website,Marketing,Website,aws,spot,63.28,32.22,3.59
2025-07-01,ResearchSim,R&D,ResearchSim,gcp,reserved,70.94,8.36,3.16
2025-07-01,Website,Marketing,Website,gcp,reserved,70.97,30.3,6.23
2025-07-01,Orders,Commerce,Orders,aws,spot,62.57,3.84,1.31
2025-07-01,Orders,Commerce,Orders,azure,reserved,119.68,6.2,4.22
2025-07-01,Orders,Commerce,Orders,gcp,on_demand,116.01,28.51,10.34
2025-07-01,Orders,Commerce,Orders,azure,on_demand,21.79,30.15,6.9
2025-07-01,Orders,Commerce,Orders,gcp,on_demand,52.93,27.41,7.6
2025-07-01,Orders,Commerce,Orders,azure,on_demand,136.8,14.42,8.36
2025-07-01,Orders,Commerce,Orders,gcp,on_demand,126.65,24.52,9.97
2025-07-01,Orders,Commerce,Orders,aws,on_demand,13.75,30.63,6.68
2025-07-01,Website,Marketing,Website,aws,spot,60.95,1.12,1.06
2025-07-01,ResearchSim,R&D,ResearchSim,azure,on_demand,23.45,18.99,4.74
2025-07-01,ResearchSim,R&D,ResearchSim,gcp,reserved,2.35,39.35,5.57
2025-07-01,Website,Marketing,Website,gcp,spot,54.68,4.01,1.2
2025-07-01,ResearchSim,R&D,ResearchSim,aws,on_demand,107.36,26.17,9.53
2025-07-01,ResearchSim,R&D,ResearchSim,gcp,on_demand,119.27,2.39,5.25
2025-07-01,Website,Marketing,Website,gcp,on_demand,136.18,12.55,7.96
2025-07-01,Orders,Commerce,Orders,gcp,reserved,45.41,15.46,3.44
2025-07-01,ResearchSim,R&D,ResearchSim,azure,on_demand,27.05,0.81,1.24
2025-07-01,ResearchSim,R&D,ResearchSim,gcp,reserved,66.46,20.83,4.78
2025-07-01,Website,Marketing,Website,azure,reserved,59.86,37.32,6.9
2025-07-01,Orders,Commerce,Orders,gcp,on_demand,12.63,8.09,2.12
2025-07-01,Website,Marketing,Website,azure,on_demand,58.73,4.13,3.18
2025-07-01,Orders,Commerce,Orders,gcp,spot,77.61,0.57,1.29
2025-07-01,Website,Marketing,Website,azure,spot,47.43,1.96,0.92
2025-07-01,ResearchSim,R&D,ResearchSim,azure,reserved,75.44,22.84,5.31
2025-07-01,Orders,Commerce,Orders,gcp,on_demand,38.86,26.08,6.77
2025-08-01,Orders,Commerce,Orders,azure,on_demand,20.0,27.01,6.2
2025-08-01,Orders,Commerce,Orders,aws,spot,111.48,20.4,3.42
2025-08-01,Orders,Commerce,Orders,gcp,on_demand,41.2,27.64,7.18
2025-08-01,Website,Marketing,Website,gcp,on_demand,11.77,22.33,4.94
2025-08-01,ResearchSim,R&D,ResearchSim,azure,on_demand,132.08,26.33,10.55
2025-08-01,ResearchSim,R&D,ResearchSim,gcp,reserved,100.24,36.69,7.94
2025-08-01,Orders,Commerce,Orders,azure,reserved,121.62,35.77,8.41
2025-08-01,ResearchSim,R&D,ResearchSim,aws,reserved,38.21,29.11,5.15
2025-08-01,Website,Marketing,Website,aws,reserved,77.73,32.26,6.69
2025-08-01,Website,Marketing,Website,gcp,reserved,128.06,36.36,8.68
2025-08-01,Orders,Commerce,Orders,aws,on_demand,40.9,7.7,3.18
2025-08-01,Website,Marketing,Website,gcp,reserved,149.1,22.11,7.27
2025-08-01,ResearchSim,R&D,ResearchSim,gcp,spot,134.08,13.56,3.23
2025-08-01,Orders,Commerce,Orders,gcp,reserved,51.85,25.66,5.04
2025-08-01,Website,Marketing,Website,aws,on_demand,121.74,23.65,9.6
2025-08-01,Orders,Commerce,Orders,gcp,on_demand,116.91,39.99,12.67
2025-08-01,Website,Marketing,Website,gcp,spot,85.69,16.72,2.71
2025-08-01,Orders,Commerce,Orders,azure,on_demand,24.95,38.24,8.65
2025-08-01,Website,Marketing,Website,aws,on_demand,124.59,31.03,11.19
2025-08-01,Orders,Commerce,Orders,gcp,on_demand,106.14,28.96,10.04
2025-08-01,Orders,Commerce,Orders,azure,on_demand,60.08,6.35,3.67
2025-08-01,ResearchSim,R&D,ResearchSim,gcp,spot,76.88,22.4,3.02
2025-08-01,ResearchSim,R&D,ResearchSim,azure,spot,108.93,23.95,3.66
2025-08-01,Orders,Commerce,Orders,aws,on_demand,129.43,5.95,6.37
2025-08-01,ResearchSim,R&D,ResearchSim,gcp,on_demand,126.67,29.8,11.03
2025-08-01,Website,Marketing,Website,azure,on_demand,74.82,36.06,10.2
2025-08-01,Website,Marketing,Website,gcp,spot,53.81,34.02,3.58
2025-08-01,Orders,Commerce,Orders,azure,reserved,32.45,11.42,2.51
2025-08-01,Orders,Commerce,Orders,azure,reserved,46.18,37.08,6.48
2025-08-01,Website,Marketing,Website,gcp,on_demand,97.74,15.92,7.09
2025-08-01,Website,Marketing,Website,azure,spot,22.48,28.96,2.68
2025-08-01,Orders,Commerce,Orders,aws,on_demand,119.35,5.21,5.82
2025-08-01,Orders,Commerce,Orders,gcp,on_demand,71.29,5.91,4.03
2025-08-01,ResearchSim,R&D,ResearchSim,aws,on_demand,137.7,15.42,8.59
2025-08-01,Website,Marketing,Website,azure,spot,15.71,8.7,0.95
2025-08-01,Website,Marketing,Website,gcp,on_demand,74.01,12.82,5.52
2025-08-01,ResearchSim,R&D,ResearchSim,gcp,reserved,2.98,12.92,1.89
2025-08-01,Orders,Commerce,Orders,azure,reserved,47.53,38.57,6.73
2025-08-01,Website,Marketing,Website,gcp,spot,95.39,37.02,4.49
2025-08-01,ResearchSim,R&D,ResearchSim,gcp,reserved,71.6,21.22,4.98
2025-08-01,Orders,Commerce,Orders,azure,reserved,88.84,0.61,2.57
2025-08-01,Website,Marketing,Website,gcp,reserved,92.37,7.11,3.58
2025-08-01,Website,Marketing,Website,aws,on_demand,121.73,38.07,12.48
2025-08-01,Orders,Commerce,Orders,aws,on_demand,36.76,21.55,5.78
2025-08-01,Website,Marketing,Website,aws,on_demand,51.73,36.23,9.32
2025-08-01,ResearchSim,R&D,ResearchSim,azure,spot,111.19,28.15,4.03
2025-08-01,ResearchSim,R&D,ResearchSim,aws,spot,148.53,33.4,5.05
2025-08-01,Orders,Commerce,Orders,aws,spot,135.86,31.34,4.68
2025-08-01,ResearchSim,R&D,ResearchSim,gcp,on_demand,3.64,34.44,7.03
2025-08-01,Orders,Commerce,Orders,aws,on_demand,63.65,22.56,7.06
2025-08-01,Orders,Commerce,Orders,azure,reserved,112.59,26.42,6.85
2025-08-01,Website,Marketing,Website,aws,on_demand,34.26,14.59,4.29
2025-08-01,ResearchSim,R&D,ResearchSim,gcp,on_demand,43.0,9.87,3.69
2025-08-01,Orders,Commerce,Orders,gcp,reserved,28.76,9.53,2.14
2025-08-01,Website,Marketing,Website,gcp,spot,125.86,29.94,4.41
2025-08-01,ResearchSim,R&D,ResearchSim,gcp,reserved,8.44,16.98,2.61
2025-08-01,Website,Marketing,Website,aws,on_demand,71.13,25.84,8.01
2025-08-01,ResearchSim,R&D,ResearchSim,azure,spot,139.08,3.18,2.48
2025-08-01,Orders,Commerce,Orders,azure,on_demand,83.14,20.37,7.4
2025-08-01,ResearchSim,R&D,ResearchSim,gcp,on_demand,26.84,0.71,1.22
2025-08-01,Website,Marketing,Website,azure,reserved,70.85,19.03,4.65
2025-08-01,ResearchSim,R&D,ResearchSim,azure,reserved,34.03,34.66,5.81
2025-08-01,Orders,Commerce,Orders,gcp,on_demand,20.85,8.47,2.53
2025-08-01,Orders,Commerce,Orders,azure,spot,20.96,5.13,0.75
2025-08-01,Website,Marketing,Website,azure,on_demand,68.2,7.26,4.18
2025-08-01,Website,Marketing,Website,gcp,spot,101.49,1.92,1.78
2025-08-01,ResearchSim,R&D,ResearchSim,azure,on_demand,79.31,13.77,5.93
2025-08-01,ResearchSim,R&D,ResearchSim,azure,on_demand,47.04,39.81,9.84
2025-08-01,Orders,Commerce,Orders,gcp,on_demand,80.16,23.3,7.87
2025-08-01,Website,Marketing,Website,aws,on_demand,81.76,20.22,7.31
2025-08-01,ResearchSim,R&D,ResearchSim,gcp,on_demand,119.58,11.41,7.07
2025-08-01,ResearchSim,R&D,ResearchSim,azure,reserved,104.1,23.51,6.21
2025-08-01,ResearchSim,R&D,ResearchSim,azure,on_demand,75.94,23.76,7.79
2025-08-01,Orders,Commerce,Orders,aws,spot,132.19,23.05,3.96
2025-08-01,ResearchSim,R&D,ResearchSim,gcp,on_demand,88.87,21.05,7.76
